{
  "prompt_v1_scores": {
    "faithfulness": NaN,
    "answer_relevancy": 0.8238421405286543,
    "context_recall": 1.0,
    "context_precision": 0.9449999999262501
  },
  "prompt_v2_scores": {
    "faithfulness": 0.8991753246753246,
    "answer_relevancy": 0.8817513770573541,
    "context_recall": 1.0,
    "context_precision": 0.9449999999252501
  },
  "target_met": true
}